LIGNE CFX 1-4,8,75
,26W41,103.95
,26W42,103.95
,26W43,103.95
,26W44,103.95
,26W45,103.95
,26W46,103.95
,26W47,103.95
,26W48,103.95
,26W49,103.95
,26W50,103.95
,26W51,103.95
,26W52,103.95
,26W53,6.93
,27W01,6.93
,27W02,6.93
,27W03,6.93
,27W04,6.93
,27W05,6.93
,27W06,6.93
,27W07,6.93
,27W08,6.93
,27W09,6.93
,27W10,6.93
,27W11,6.93
,27W12,6.93
,27W13,6.93
,27W14,6.93
,27W15,6.93
,27W16,6.93
,27W17,6.93
,27W18,6.93
,27W19,6.93
,27W20,6.93
,27W21,6.93
,27W22,6.93
,27W23,6.93
,27W24,6.93
,27W25,6.93
,27W26,6.93
,27W27,6.93
,27W28,6.93
,27W29,6.93
,27W30,6.93
,27W31,6.93
,27W32,6.93
,27W33,6.93
,27W34,6.93
,27W35,6.93
,27W36,6.93
,27W37,6.93
,27W38,6.93
,27W39,6.93
,27W40,6.93
,27W41,6.93
,27W42,6.93
,27W43,6.93
,27W44,6.93
,27W45,6.93
,27W46,6.93
,27W47,6.93
,27W48,6.93
,27W49,6.93
,27W50,6.93
,27W51,6.93
LIGNE CFX 6-12,4,75
,26W41,69.3
,26W42,69.3
,26W43,69.3
,26W44,69.3
,26W45,69.3
,26W46,69.3
,26W47,69.3
,26W48,69.3
,26W49,69.3
,26W50,69.3
,26W51,69.3
,26W52,69.3
,26W53,48.51
,27W01,83.16
,27W02,83.16
,27W03,83.16
,27W04,83.16
,27W05,83.16
,27W06,83.16
,27W07,83.16
,27W08,83.16
,27W09,83.16
,27W10,83.16
,27W11,83.16
,27W12,83.16
,27W13,83.16
,27W14,83.16
,27W15,83.16
,27W16,83.16
,27W17,83.16
,27W18,83.16
,27W19,83.16
,27W20,83.16
,27W21,83.16
,27W22,83.16
,27W23,83.16
,27W24,83.16
,27W25,83.16
,27W26,83.16
,27W27,83.16
,27W28,83.16
,27W29,83.16
,27W30,83.16
,27W31,83.16
,27W32,83.16
,27W33,83.16
,27W34,83.16
,27W35,83.16
,27W36,83.16
,27W37,83.16
,27W38,83.16
,27W39,83.16
,27W40,83.16
,27W41,83.16
,27W42,83.16
,27W43,83.16
,27W44,83.16
,27W45,83.16
,27W46,83.16
,27W47,83.16
,27W48,83.16
,27W49,83.16
,27W50,83.16
,27W51,83.16
EQUIPEMENT / ETALONNAGE,1,75
,26W41,0
,26W42,0
,26W43,0
,26W44,0
,26W45,0
,26W46,0
,26W47,0
,26W48,0
,26W49,0
,26W50,0
,26W51,0
,26W52,0
,26W53,0
,27W01,0
,27W02,0
,27W03,0
,27W04,0
,27W05,0
,27W06,0
,27W07,0
,27W08,0
,27W09,0
,27W10,0
,27W11,0
,27W12,0
,27W13,0
,27W14,0
,27W15,0
,27W16,0
,27W17,0
,27W18,0
,27W19,0
,27W20,0
,27W21,0
,27W22,0
,27W23,0
,27W24,0
,27W25,0
,27W26,0
,27W27,0
,27W28,0
,27W29,0
,27W30,0
,27W31,0
,27W32,0
,27W33,0
,27W34,0
,27W35,0
,27W36,0
,27W37,0
,27W38,0
,27W39,0
,27W40,0
,27W41,0
,27W42,0
,27W43,0
,27W44,0
,27W45,0
,27W46,0
,27W47,0
,27W48,0
,27W49,0
,27W50,0
,27W51,0
GOUPILLAGE,1,75
,26W41,0
,26W42,0
,26W43,0
,26W44,0
,26W45,0
,26W46,0
,26W47,0
,26W48,0
,26W49,0
,26W50,0
,26W51,0
,26W52,0
,26W53,0
,27W01,0
,27W02,0
,27W03,0
,27W04,0
,27W05,0
,27W06,0
,27W07,0
,27W08,0
,27W09,0
,27W10,0
,27W11,0
,27W12,0
,27W13,0
,27W14,0
,27W15,0
,27W16,0
,27W17,0
,27W18,0
,27W19,0
,27W20,0
,27W21,0
,27W22,0
,27W23,0
,27W24,0
,27W25,0
,27W26,0
,27W27,0
,27W28,0
,27W29,0
,27W30,0
,27W31,0
,27W32,0
,27W33,0
,27W34,0
,27W35,0
,27W36,0
,27W37,0
,27W38,0
,27W39,0
,27W40,0
,27W41,0
,27W42,0
,27W43,0
,27W44,0
,27W45,0
,27W46,0
,27W47,0
,27W48,0
,27W49,0
,27W50,0
,27W51,0
MONTAGE ACT.,1,75
,26W41,0
,26W42,0
,26W43,0
,26W44,0
,26W45,0
,26W46,0
,26W47,0
,26W48,0
,26W49,0
,26W50,0
,26W51,0
,26W52,0
,26W53,0
,27W01,0
,27W02,0
,27W03,0
,27W04,0
,27W05,0
,27W06,0
,27W07,0
,27W08,0
,27W09,0
,27W10,0
,27W11,0
,27W12,0
,27W13,0
,27W14,0
,27W15,0
,27W16,0
,27W17,0
,27W18,0
,27W19,0
,27W20,0
,27W21,0
,27W22,0
,27W23,0
,27W24,0
,27W25,0
,27W26,0
,27W27,0
,27W28,0
,27W29,0
,27W30,0
,27W31,0
,27W32,0
,27W33,0
,27W34,0
,27W35,0
,27W36,0
,27W37,0
,27W38,0
,27W39,0
,27W40,0
,27W41,0
,27W42,0
,27W43,0
,27W44,0
,27W45,0
,27W46,0
,27W47,0
,27W48,0
,27W49,0
,27W50,0
,27W51,0
MONTAGE NIVEAU,2,75
,26W41,0
,26W42,0
,26W43,0
,26W44,0
,26W45,0
,26W46,0
,26W47,0
,26W48,0
,26W49,0
,26W50,0
,26W51,0
,26W52,0
,26W53,0
,27W01,0
,27W02,0
,27W03,0
,27W04,0
,27W05,0
,27W06,0
,27W07,0
,27W08,0
,27W09,0
,27W10,0
,27W11,0
,27W12,0
,27W13,0
,27W14,0
,27W15,0
,27W16,0
,27W17,0
,27W18,0
,27W19,0
,27W20,0
,27W21,0
,27W22,0
,27W23,0
,27W24,0
,27W25,0
,27W26,0
,27W27,0
,27W28,0
,27W29,0
,27W30,0
,27W31,0
,27W32,0
,27W33,0
,27W34,0
,27W35,0
,27W36,0
,27W37,0
,27W38,0
,27W39,0
,27W40,0
,27W41,0
,27W42,0
,27W43,0
,27W44,0
,27W45,0
,27W46,0
,27W47,0
,27W48,0
,27W49,0
,27W50,0
,27W51,0
CELLULE INSTRU.,2,75
,26W41,0
,26W42,0
,26W43,0
,26W44,0
,26W45,0
,26W46,0
,26W47,0
,26W48,0
,26W49,0
,26W50,0
,26W51,0
,26W52,0
,26W53,0
,27W01,0
,27W02,0
,27W03,0
,27W04,0
,27W05,0
,27W06,0
,27W07,0
,27W08,0
,27W09,0
,27W10,0
,27W11,0
,27W12,0
,27W13,0
,27W14,0
,27W15,0
,27W16,0
,27W17,0
,27W18,0
,27W19,0
,27W20,0
,27W21,0
,27W22,0
,27W23,0
,27W24,0
,27W25,0
,27W26,0
,27W27,0
,27W28,0
,27W29,0
,27W30,0
,27W31,0
,27W32,0
,27W33,0
,27W34,0
,27W35,0
,27W36,0
,27W37,0
,27W38,0
,27W39,0
,27W40,0
,27W41,0
,27W42,0
,27W43,0
,27W44,0
,27W45,0
,27W46,0
,27W47,0
,27W48,0
,27W49,0
,27W50,0
,27W51,0
PLAQUE DE FIRME,1,75
,26W41,0
,26W42,0
,26W43,0
,26W44,0
,26W45,0
,26W46,0
,26W47,0
,26W48,0
,26W49,0
,26W50,0
,26W51,0
,26W52,0
,26W53,0
,27W01,0
,27W02,0
,27W03,0
,27W04,0
,27W05,0
,27W06,0
,27W07,0
,27W08,0
,27W09,0
,27W10,0
,27W11,0
,27W12,0
,27W13,0
,27W14,0
,27W15,0
,27W16,0
,27W17,0
,27W18,0
,27W19,0
,27W20,0
,27W21,0
,27W22,0
,27W23,0
,27W24,0
,27W25,0
,27W26,0
,27W27,0
,27W28,0
,27W29,0
,27W30,0
,27W31,0
,27W32,0
,27W33,0
,27W34,0
,27W35,0
,27W36,0
,27W37,0
,27W38,0
,27W39,0
,27W40,0
,27W41,0
,27W42,0
,27W43,0
,27W44,0
,27W45,0
,27W46,0
,27W47,0
,27W48,0
,27W49,0
,27W50,0
,27W51,0
