MONTAGE EH PMV,3,75
,26W41,103.95
,26W42,103.95
,26W43,103.95
,26W44,103.95
,26W45,103.95
,26W46,103.95
,26W47,103.95
,26W48,103.95
,26W49,103.95
,26W50,103.95
,26W51,103.95
,26W52,103.95
,26W53,103.95
,27W01,103.95
,27W02,103.95
,27W03,103.95
,27W04,103.95
,27W05,103.95
,27W06,103.95
,27W07,103.95
,27W08,103.95
,27W09,103.95
,27W10,103.95
,27W11,103.95
,27W12,103.95
,27W13,103.95
,27W14,103.95
,27W15,103.95
,27W16,103.95
,27W17,103.95
,27W18,103.95
,27W19,103.95
,27W20,103.95
,27W21,103.95
,27W22,103.95
,27W23,103.95
,27W24,103.95
,27W25,103.95
,27W26,103.95
,27W27,103.95
,27W28,103.95
,27W29,103.95
,27W30,103.95
,27W31,103.95
,27W32,103.95
,27W33,103.95
,27W34,103.95
,27W35,103.95
,27W36,103.95
,27W37,103.95
,27W38,103.95
,27W39,103.95
,27W40,103.95
,27W41,103.95
,27W42,103.95
,27W43,103.95
,27W44,103.95
,27W45,103.95
,27W46,103.95
,27W47,103.95
,27W48,103.95
,27W49,103.95
,27W50,103.95
,27W51,103.95
MTG GVA / GVU,1,75
,26W41,103.95
,26W42,103.95
,26W43,103.95
,26W44,103.95
,26W45,103.95
,26W46,103.95
,26W47,103.95
,26W48,103.95
,26W49,103.95
,26W50,103.95
,26W51,103.95
,26W52,103.95
,26W53,103.95
,27W01,103.95
,27W02,103.95
,27W03,103.95
,27W04,103.95
,27W05,103.95
,27W06,103.95
,27W07,103.95
,27W08,103.95
,27W09,103.95
,27W10,103.95
,27W11,103.95
,27W12,103.95
,27W13,103.95
,27W14,103.95
,27W15,103.95
,27W16,103.95
,27W17,103.95
,27W18,103.95
,27W19,103.95
,27W20,103.95
,27W21,103.95
,27W22,103.95
,27W23,103.95
,27W24,103.95
,27W25,103.95
,27W26,103.95
,27W27,103.95
,27W28,103.95
,27W29,103.95
,27W30,103.95
,27W31,103.95
,27W32,103.95
,27W33,103.95
,27W34,103.95
,27W35,103.95
,27W36,103.95
,27W37,103.95
,27W38,103.95
,27W39,103.95
,27W40,103.95
,27W41,103.95
,27W42,103.95
,27W43,103.95
,27W44,103.95
,27W45,103.95
,27W46,103.95
,27W47,103.95
,27W48,103.95
,27W49,103.95
,27W50,103.95
,27W51,103.95
EQUIP/ETALON,1,75
,26W41,69.3
,26W42,69.3
,26W43,69.3
,26W44,69.3
,26W45,69.3
,26W46,69.3
,26W47,69.3
,26W48,69.3
,26W49,69.3
,26W50,69.3
,26W51,69.3
,26W52,69.3
,26W53,69.3
,27W01,69.3
,27W02,69.3
,27W03,69.3
,27W04,69.3
,27W05,69.3
,27W06,69.3
,27W07,69.3
,27W08,69.3
,27W09,69.3
,27W10,69.3
,27W11,69.3
,27W12,69.3
,27W13,69.3
,27W14,69.3
,27W15,69.3
,27W16,69.3
,27W17,69.3
,27W18,69.3
,27W19,69.3
,27W20,69.3
,27W21,69.3
,27W22,69.3
,27W23,69.3
,27W24,69.3
,27W25,69.3
,27W26,69.3
,27W27,69.3
,27W28,69.3
,27W29,69.3
,27W30,69.3
,27W31,69.3
,27W32,69.3
,27W33,69.3
,27W34,69.3
,27W35,69.3
,27W36,69.3
,27W37,69.3
,27W38,69.3
,27W39,69.3
,27W40,69.3
,27W41,69.3
,27W42,69.3
,27W43,69.3
,27W44,69.3
,27W45,69.3
,27W46,69.3
,27W47,69.3
,27W48,69.3
,27W49,69.3
,27W50,69.3
,27W51,69.3
GOUPILLAGE,1,75
,26W41,20.79
,26W42,20.79
,26W43,20.79
,26W44,20.79
,26W45,20.79
,26W46,20.79
,26W47,20.79
,26W48,20.79
,26W49,20.79
,26W50,20.79
,26W51,20.79
,26W52,20.79
,26W53,20.79
,27W01,20.79
,27W02,20.79
,27W03,20.79
,27W04,20.79
,27W05,20.79
,27W06,20.79
,27W07,20.79
,27W08,20.79
,27W09,20.79
,27W10,20.79
,27W11,20.79
,27W12,20.79
,27W13,20.79
,27W14,20.79
,27W15,20.79
,27W16,20.79
,27W17,20.79
,27W18,20.79
,27W19,20.79
,27W20,20.79
,27W21,20.79
,27W22,20.79
,27W23,20.79
,27W24,20.79
,27W25,20.79
,27W26,20.79
,27W27,20.79
,27W28,20.79
,27W29,20.79
,27W30,20.79
,27W31,20.79
,27W32,20.79
,27W33,20.79
,27W34,20.79
,27W35,20.79
,27W36,20.79
,27W37,20.79
,27W38,20.79
,27W39,20.79
,27W40,20.79
,27W41,20.79
,27W42,20.79
,27W43,20.79
,27W44,20.79
,27W45,20.79
,27W46,20.79
,27W47,20.79
,27W48,20.79
,27W49,20.79
,27W50,20.79
,27W51,20.79
MONTAGE ACT.,1,75
,26W41,13.86
,26W42,13.86
,26W43,13.86
,26W44,13.86
,26W45,13.86
,26W46,13.86
,26W47,13.86
,26W48,13.86
,26W49,13.86
,26W50,13.86
,26W51,13.86
,26W52,13.86
,26W53,13.86
,27W01,13.86
,27W02,13.86
,27W03,13.86
,27W04,13.86
,27W05,13.86
,27W06,13.86
,27W07,13.86
,27W08,13.86
,27W09,13.86
,27W10,13.86
,27W11,13.86
,27W12,13.86
,27W13,13.86
,27W14,13.86
,27W15,13.86
,27W16,13.86
,27W17,13.86
,27W18,13.86
,27W19,13.86
,27W20,13.86
,27W21,13.86
,27W22,13.86
,27W23,13.86
,27W24,13.86
,27W25,13.86
,27W26,13.86
,27W27,13.86
,27W28,13.86
,27W29,13.86
,27W30,13.86
,27W31,13.86
,27W32,13.86
,27W33,13.86
,27W34,13.86
,27W35,13.86
,27W36,13.86
,27W37,13.86
,27W38,13.86
,27W39,13.86
,27W40,13.86
,27W41,13.86
,27W42,13.86
,27W43,13.86
,27W44,13.86
,27W45,13.86
,27W46,13.86
,27W47,13.86
,27W48,13.86
,27W49,13.86
,27W50,13.86
,27W51,13.86
MONTAGE NIVEAU,2,75
,26W41,34.65
,26W42,34.65
,26W43,34.65
,26W44,34.65
,26W45,34.65
,26W46,34.65
,26W47,34.65
,26W48,34.65
,26W49,34.65
,26W50,34.65
,26W51,34.65
,26W52,34.65
,26W53,34.65
,27W01,34.65
,27W02,34.65
,27W03,34.65
,27W04,34.65
,27W05,34.65
,27W06,34.65
,27W07,34.65
,27W08,34.65
,27W09,34.65
,27W10,34.65
,27W11,34.65
,27W12,34.65
,27W13,34.65
,27W14,34.65
,27W15,34.65
,27W16,34.65
,27W17,34.65
,27W18,34.65
,27W19,34.65
,27W20,34.65
,27W21,34.65
,27W22,34.65
,27W23,34.65
,27W24,34.65
,27W25,34.65
,27W26,34.65
,27W27,34.65
,27W28,34.65
,27W29,34.65
,27W30,34.65
,27W31,34.65
,27W32,34.65
,27W33,34.65
,27W34,34.65
,27W35,34.65
,27W36,34.65
,27W37,34.65
,27W38,34.65
,27W39,34.65
,27W40,34.65
,27W41,34.65
,27W42,34.65
,27W43,34.65
,27W44,34.65
,27W45,34.65
,27W46,34.65
,27W47,34.65
,27W48,34.65
,27W49,34.65
,27W50,34.65
,27W51,34.65
CELLULE INSTR,2,75
,26W41,103.95
,26W42,103.95
,26W43,103.95
,26W44,103.95
,26W45,103.95
,26W46,103.95
,26W47,103.95
,26W48,103.95
,26W49,103.95
,26W50,103.95
,26W51,103.95
,26W52,103.95
,26W53,103.95
,27W01,103.95
,27W02,103.95
,27W03,103.95
,27W04,103.95
,27W05,103.95
,27W06,103.95
,27W07,103.95
,27W08,103.95
,27W09,103.95
,27W10,103.95
,27W11,103.95
,27W12,103.95
,27W13,103.95
,27W14,103.95
,27W15,103.95
,27W16,103.95
,27W17,103.95
,27W18,103.95
,27W19,103.95
,27W20,103.95
,27W21,103.95
,27W22,103.95
,27W23,103.95
,27W24,103.95
,27W25,103.95
,27W26,103.95
,27W27,103.95
,27W28,103.95
,27W29,103.95
,27W30,103.95
,27W31,103.95
,27W32,103.95
,27W33,103.95
,27W34,103.95
,27W35,103.95
,27W36,103.95
,27W37,103.95
,27W38,103.95
,27W39,103.95
,27W40,103.95
,27W41,103.95
,27W42,103.95
,27W43,103.95
,27W44,103.95
,27W45,103.95
,27W46,103.95
,27W47,103.95
,27W48,103.95
,27W49,103.95
,27W50,103.95
,27W51,103.95
PLAQUE DE FIRME,1,75
,26W41,34.65
,26W42,34.65
,26W43,34.65
,26W44,34.65
,26W45,34.65
,26W46,34.65
,26W47,34.65
,26W48,34.65
,26W49,34.65
,26W50,34.65
,26W51,34.65
,26W52,34.65
,26W53,34.65
,27W01,34.65
,27W02,34.65
,27W03,34.65
,27W04,34.65
,27W05,34.65
,27W06,34.65
,27W07,34.65
,27W08,34.65
,27W09,34.65
,27W10,34.65
,27W11,34.65
,27W12,34.65
,27W13,34.65
,27W14,34.65
,27W15,34.65
,27W16,34.65
,27W17,34.65
,27W18,34.65
,27W19,34.65
,27W20,34.65
,27W21,34.65
,27W22,34.65
,27W23,34.65
,27W24,34.65
,27W25,34.65
,27W26,34.65
,27W27,34.65
,27W28,34.65
,27W29,34.65
,27W30,34.65
,27W31,34.65
,27W32,34.65
,27W33,34.65
,27W34,34.65
,27W35,34.65
,27W36,34.65
,27W37,34.65
,27W38,34.65
,27W39,34.65
,27W40,34.65
,27W41,34.65
,27W42,34.65
,27W43,34.65
,27W44,34.65
,27W45,34.65
,27W46,34.65
,27W47,34.65
,27W48,34.65
,27W49,34.65
,27W50,34.65
,27W51,34.65
